domain_name,org
nutrition.gov,Department of Agriculture
aviationweather.gov,Department of Commerce
pnnl.gov,Department of Energy
pppl.gov,Department of Energy
acl.gov,Department of Health and Human Services
inl.gov,Department of Energy
afterschool.gov,Department of Health and Human Services
bea.gov,Department of Commerce
aging.gov,Department of Health and Human Services
agingstats.gov,Department of Health and Human Services
buyusa.gov,Department of Commerce
ahcpr.gov,Department of Health and Human Services
niem.gov,Department of Homeland Security
salmonrecovery.gov,Department of Energy
ahrq.gov,Department of Health and Human Services
isotopes.gov,Department of Energy
commerce.gov,Department of Commerce
nuclear.gov,Department of Energy
mymoney.gov,Department of Treasury
betobaccofree.gov,Department of Health and Human Services
bioethics.gov,Department of Health and Human Services
brainhealth.gov,Department of Health and Human Services
myra.gov,Department of Treasury
cancer.gov,Department of Health and Human Services
scijinks.gov,National Aeronautics and Space Administration
aids.gov,Department of Health and Human Services
biometrics.gov,Department of Homeland Security
bankcustomer.gov,Department of Treasury
bankhelp.gov,Department of Treasury
banknet.gov,Department of Treasury
doc.gov,Department of Commerce
selectagents.gov,Department of Health and Human Services
cbp.gov,Department of Homeland Security
cdc.gov,Department of Health and Human Services
simplereport.gov,Department of Health and Human Services
drought.gov,Department of Commerce
cisa.gov,Department of Homeland Security
childcare.gov,Department of Health and Human Services
cpnireporting.gov,Department of Homeland Security
smokefree.gov,Department of Health and Human Services
eda.gov,Department of Commerce
cyber.gov,Department of Homeland Security
cybersecurity.gov,Department of Homeland Security
cdfifund.gov,Department of Treasury
complaintreferralexpress.gov,Department of Treasury
export.gov,Department of Commerce
directoasucuenta.gov,Department of Treasury
childwelfare.gov,Department of Health and Human Services
firstnet.gov,Department of Commerce
goes-r.gov,Department of Commerce
gps.gov,Department of Commerce
clinicaltrials.gov,Department of Health and Human Services
eyenote.gov,Department of Treasury
federalinvestments.gov,Department of Treasury
fedinvest.gov,Department of Treasury
ffb.gov,Department of Treasury
stopalcoholabuse.gov,Department of Health and Human Services
financialresearch.gov,Department of Treasury
financialstability.gov,Department of Treasury
godirect.gov,Department of Treasury
helpwithmycheckingaccount.gov,Department of Treasury
helpwithmycreditcard.gov,Department of Treasury
helpwithmycreditcardbank.gov,Department of Treasury
helpwithmymortgage.gov,Department of Treasury
cms.gov,Department of Health and Human Services
pay.gov,Department of Treasury
recreation.gov,Department of Agriculture
mha.gov,Department of Treasury
moneyfactory.gov,Department of Treasury
guideline.gov,Department of Health and Human Services
surgeongeneral.gov,Department of Health and Human Services
therealcost.gov,Department of Health and Human Services
vets.gov,Department of Veterans Affairs
thisfreelife.gov,Department of Health and Human Services
ayudaconmibanco.gov,Department of Treasury
bankcustomerassistance.gov,Department of Treasury
tobacco.gov,Department of Health and Human Services
tox21.gov,Department of Health and Human Services
usphs.gov,Department of Health and Human Services
fedcenter.gov,Environmental Protection Agency
fsoc.gov,Department of Treasury
whaging.gov,Department of Health and Human Services
womenshealth.gov,Department of Health and Human Services
savingsbonds.gov,Department of Treasury
childstats.gov,Department of Education
collegenavigator.gov,Department of Education
osha.gov,Department of Labor
trainingproviderresults.gov,Department of Labor
unionreports.gov,Department of Labor
nagb.gov,Department of Education
nationsreportcard.gov,Department of Education
whistleblowers.gov,Department of Labor
wrp.gov,Department of Labor
youthrules.gov,Department of Labor
childreninadversity.gov,USAID
dfafacts.gov,USAID
studentloans.gov,Department of Education
911.gov,Department of Transportation
fueleconomy.gov,Department of Energy
neglecteddiseases.gov,USAID
distraction.gov,Department of Transportation
usaid.gov,USAID
code.gov,General Services Administration
data.gov,General Services Administration
ada.gov,Department of Justice
amberalert.gov,Department of Justice
atf.gov,Department of Justice
atfonline.gov,Department of Justice
bats.gov,Department of Justice
bjs.gov,Department of Justice
dhs.gov,Department of Homeland Security
dot.gov,Department of Transportation
digitalgov.gov,General Services Administration
e-verify.gov,Department of Homeland Security
everify.gov,Department of Homeland Security
evus.gov,Department of Homeland Security
firstrespondertraining.gov,Department of Homeland Security
irsvideos.gov,Department of Treasury
cuidadodesalud.gov,Department of Health and Human Services
makinghomeaffordable.gov,Department of Treasury
moneyfactorystore.gov,Department of Treasury
flightschoolcandidates.gov,Department of Homeland Security
globalentry.gov,Department of Homeland Security
msb.gov,Department of Treasury
dotideahub.gov,Department of Transportation
ems.gov,Department of Transportation
cjis.gov,Department of Justice
crimesolutions.gov,Department of Justice
crimevictims.gov,Department of Justice
cybercrime.gov,Department of Justice
diabetescommittee.gov,Department of Health and Human Services
docline.gov,Department of Health and Human Services
esc.gov,Department of Transportation
dea.gov,Department of Justice
rec.gov,Department of Agriculture
unrpnet.gov,Department of Energy
donaciondeorganos.gov,Department of Health and Human Services
dsac.gov,Department of Justice
privacyshield.gov,Department of Commerce
elderjustice.gov,Department of Justice
epic.gov,Department of Justice
ice.gov,Department of Homeland Security
listo.gov,Department of Homeland Security
pmf.gov,Office of Personnel Management
fbijobs.gov,Department of Justice
foia.gov,Department of Justice
drugabuse.gov,Department of Health and Human Services
getsmartaboutdrugs.gov,Department of Justice
endingthedocumentgame.gov,Department of Health and Human Services
everytrycounts.gov,Department of Health and Human Services
fatherhood.gov,Department of Health and Human Services
safetyact.gov,Science and Technology Directorate
navycash.gov,Department of Treasury
schoolsafety.gov,Department of Homeland Security
samhsa.gov,Department of Health and Human Services
fitness.gov,Department of Health and Human Services
foodsafety.gov,Department of Health and Human Services
tsa.gov,Department of Homeland Security
ibwc.gov,Department of State
freshempire.gov,Department of Health and Human Services
occhelps.gov,Department of Treasury
ots.gov,Department of Treasury
girlshealth.gov,Department of Health and Human Services
us-cert.gov,Department of Homeland Security
mbda.gov,Department of Commerce
nehrp.gov,Department of Commerce
hanford.gov,Department of Energy
treasuryhunt.gov,Department of Treasury
twai.gov,Department of Treasury
guidelines.gov,Department of Health and Human Services
state.gov,Department of State
faasafety.gov,Department of Transportation
flyhealthy.gov,Department of Transportation
ic3.gov,Department of Justice
interpol.gov,Department of Justice
firstfreedom.gov,Department of Justice
forfeiture.gov,Department of Justice
homeenergyscore.gov,Department of Energy
hydrogen.gov,Department of Energy
usss.gov,U.S. Secret Service
arctic.gov,National Science Foundation
health.gov,Department of Health and Human Services
nhtsa.gov,Department of Transportation
energycodes.gov,Department of Energy
safecar.gov,Department of Transportation
eaglecash.gov,Department of Treasury
healthdata.gov,Department of Health and Human Services
healthfinder.gov,Department of Health and Human Services
learnatf.gov,Department of Justice
safeocs.gov,Department of Transportation
eftps.gov,Department of Treasury
uscis.gov,US Citizenship and Immigration Services
malwareinvestigator.gov,Department of Justice
savingsbond.gov,Department of Treasury
sigpr.gov,Department of Treasury
sigtarp.gov,Department of Treasury
medalofvalor.gov,Department of Justice
slgs.gov,Department of Treasury
safertruck.gov,Department of Transportation
tcis.gov,Department of Treasury
tigta.gov,Department of Treasury
research.gov,National Science Foundation
sharetheroadsafely.gov,Department of Transportation
trafficsafetymarketing.gov,Department of Transportation
nationalgangcenter.gov,Department of Justice
healthypeople.gov,Department of Health and Human Services
treaslockbox.gov,Department of Treasury
transportation.gov,Department of Transportation
usalearning.gov,Office of Personnel Management
fincen.gov,Department of Treasury
nmvtis.gov,Department of Justice
nsopr.gov,Department of Justice
bep.gov,Department of Treasury
2020census.gov,Census
nsopw.gov,Department of Justice
justice.gov,Department of Justice
justthinktwice.gov,Department of Justice
juvenilecouncil.gov,Department of Justice
learndoj.gov,Department of Justice
namus.gov,Department of Justice
ncirc.gov,Department of Justice
hhsoig.gov,Department of Health and Human Services
hhsops.gov,Department of Health and Human Services
treasury.gov,Department of Treasury
qatesttwai.gov,Department of Treasury
aoa.gov,Department of Health and Human Services
taaps.gov,Department of Treasury
nicic.gov,Department of Justice
treasuryauctions.gov,Treasury Auction
iedison.gov,Department of Health and Human Services
ihs.gov,Department of Health and Human Services
insurekidsnow.gov,Department of Health and Human Services
locatorplus.gov,Department of Health and Human Services
ttbonline.gov,Department of Treasury
longtermcare.gov,Department of Health and Human Services
medicaid.gov,Department of Health and Human Services
usdebitcard.gov,Department of Treasury
usmint.gov,Department of Treasury
ustreas.gov,Department of Treasury
wizard.gov,Department of Treasury
mentalhealth.gov,Department of Health and Human Services
business.gov,Small Business Administration
fedinfo.gov,General Services Administration
americathebeautifulquarters.gov,Department of Treasury
census.gov,Census
luca-appeals.gov,Census
my2020census.gov,Census
grantsolutions.gov,Department of Health and Human Services
ovcttac.gov,Department of Justice
projectsafechildhood.gov,Department of Justice
psob.gov,Department of Justice
rcfl.gov,Department of Justice
scra.gov,Department of Justice
servicemembers.gov,Department of Justice
smart.gov,Department of Justice
stopfraud.gov,Department of Justice
tribaljusticeandsafety.gov,Department of Justice
unicor.gov,Department of Justice
lcacommons.gov,Department of Agriculture
nwbc.gov,Small Business Administration
fleta.gov,Department of Homeland Security
ready.gov,Department of Homeland Security
secretservice.gov,U.S. Secret Service
epa.gov,Environmental Protection Agency
usdoj.gov,Department of Justice
usmarshals.gov,Department of Justice
vcf.gov,Department of Justice
nsf.gov,National Science Foundation
collegedrinkingprevention.gov,Department of Health and Human Services
osti.gov,Department of Energy
genome.gov,Department of Health and Human Services
scidac.gov,Department of Energy
bfem.gov,Department of Treasury
ncifcrf.gov,Department of Health and Human Services
helpwithmymortgagebank.gov,Department of Treasury
hhs.gov,Department of Health and Human Services
irs.gov,Department of Treasury
irssales.gov,Department of Treasury
helpwithmybank.gov,Department of Treasury
idealab.gov,Department of Health and Human Services
fmi.gov,General Services Administration
afadvantage.gov,General Services Administration
treasury.fed.us,Department of Treasury
asap.gov,Department of Treasury
tax.gov,Department of Treasury
fedidcard.gov,General Services Administration
fpds.gov,General Services Administration
forms.gov,General Services Administration
globalhealth.gov,Department of Health and Human Services
grants.gov,Department of Health and Human Services
quantum.gov,National Science Foundation
fedbizopps.gov,General Services Administration
healthcare.gov,Department of Health and Human Services
eta-find.gov,Department of Treasury
dnsops.gov,Department of Commerce
hearttruth.gov,Department of Health and Human Services
veterans.gov,Department of Labor
medicare.gov,Department of Health and Human Services
employeeexpress.gov,Office of Personnel Management
fegli.gov,Office of Personnel Management
feedthefuture.gov,USAID
mymedicare.gov,Department of Health and Human Services
pnl.gov,Department of Energy
nnlm.gov,Department of Health and Human Services
fpc.gov,General Services Administration
frpg.gov,General Services Administration
treasuryecm.gov,Department of Treasury
stopbullying.gov,Department of Health and Human Services
ntia.gov,Department of Commerce
ipp.gov,Department of Treasury
pscr.gov,Department of Commerce
selectusa.gov,Department of Commerce
spectrum.gov,Department of Commerce
stopfakes.gov,Department of Commerce
sworm.gov,Department of Commerce
tasefiling.gov,Department of Commerce
time.gov,Department of Commerce
safercar.gov,Department of Transportation
choosemyplate.gov,Department of Agriculture
dietaryguidelines.gov,Department of Agriculture
tsunami.gov,Department of Commerce
usicecenter.gov,Department of Commerce
empowhr.gov,Department of Agriculture
pmi.gov,USAID
nationalbank.gov,Department of Treasury
nationalbanknet.gov,Department of Treasury
fbo.gov,General Services Administration
reach.gov,Department of Veterans Affairs
lacoast.gov,Department of the Interior
bondpro.gov,Department of Treasury
treasurydirect.gov,Department of Treasury
usaspending.gov,General Services Administration
ccac.gov,Department of Treasury
sandia.gov,Department of Energy
vaccines.gov,Department of Health and Human Services
fbi.gov,Department of Justice
utahfireinfo.gov,Department of the Interior
uspto.gov,U.S. Patent and Trademark Office
contractdirectory.gov,General Services Administration
dotgov.gov,General Services Administration
climate.gov,Department of Commerce
youth.gov,Department of Health and Human Services
budgetlob.gov,Department of Education
ojjdp.gov,Department of Justice
ojp.gov,Department of Justice
dhhs.gov,Department of Health and Human Services
edison.gov,Department of Health and Human Services
eldercare.gov,Department of Health and Human Services
findtreatment.gov,Department of Health and Human Services
hc.gov,Department of Health and Human Services
fishwatch.gov,Department of Commerce
healthindicators.gov,Department of Health and Human Services
healthit.gov,Department of Health and Human Services
hurricanes.gov,Department of Commerce
icams-portal.gov,Department of Commerce
marinecadastre.gov,Department of Commerce
federaljobs.gov,Office of Personnel Management
fedshirevets.gov,Office of Personnel Management
bankanswers.gov,Department of Treasury
arm.gov,Department of Energy
hiv.gov,Department of Health and Human Services
biomassboard.gov,Department of Energy
hrsa.gov,Department of Health and Human Services
bnl.gov,Department of Energy
govloans.gov,Department of Labor
medicalcountermeasures.gov,Department of Health and Human Services
mesh.gov,Department of Health and Human Services
hirevets.gov,Department of Labor
bpa.gov,Department of Energy
buildingamerica.gov,Department of Energy
casl.gov,Department of Energy
cendi.gov,Department of Energy
ed.gov,Department of Education
vehiclehistory.gov,Department of Justice
fafsa.gov,Department of Education
g5.gov,Department of Education
irsauctions.gov,Department of Treasury
disasterassistance.gov,Federal Emergency Management Agency
nrc-gateway.gov,Nuclear Regulatory Commission
savingsbondwizard.gov,Department of Treasury
us.gov,General Services Administration
userra.gov,Department of Justice
america.gov,Department of State
fan.gov,Department of State
osac.gov,Department of State
science.gov,Department of Energy
xd.gov,Census
interior.gov,Department of the Interior
invasivespecies.gov,Department of the Interior
opioids.gov,Department of Health and Human Services
jem.gov,Department of the Interior
pubmed.gov,Department of Health and Human Services
noaa.gov,National Oceanic and Atmospheric Administration
everykidoutdoors.gov,Department of the Interior
landfire.gov,Department of the Interior
landimaging.gov,Department of the Interior
smartgrid.gov,Department of Energy
whitehouseconferenceonaging.gov,Department of Health and Human Services
onhir.gov,Department of the Interior
treas.gov,Department of Treasury
fsd.gov,General Services Administration
usbr.gov,Department of the Interior
nationalbankhelp.gov,Department of Treasury
usmission.gov,Department of State
medlineplus.gov,Department of Health and Human Services
treasuryscams.gov,Department of Treasury
its.gov,Department of Treasury
ussm.gov,General Services Administration
acwi.gov,Department of the Interior
bsee.gov,Department of the Interior
globe.gov,National Aeronautics and Space Administration
doi.gov,Department of the Interior
evergladesrestoration.gov,Department of the Interior
firescience.gov,Department of the Interior
geoplatform.gov,Department of the Interior
lcrmscp.gov,Department of the Interior
nemi.gov,Department of the Interior
sns.gov,Department of Energy
usda.gov,Department of Agriculture
comptrollerofthecurrency.gov,Department of Treasury
studentaid.gov,Department of Education
osmre.gov,Department of the Interior
alaskacenters.gov,Department of the Interior
usconsulate.gov,Department of State
rivers.gov,Department of the Interior
usaspending.gov,Department of Treasury
myira.gov,Department of Treasury
fireleadership.gov,Department of the Interior
telework.gov,Office of Personnel Management
geomac.gov,Department of the Interior
energystar.gov,Environmental Protection Agency
bls.gov,Department of Labor
sustainability.gov,Environmental Protection Agency
urbanwaters.gov,Environmental Protection Agency
occ.gov,Department of Treasury
sac.gov,National Science Foundation
usajobs.gov,Office of Personnel Management
distracteddriving.gov,Department of Transportation
usembassy.gov,Department of State
papahanaumokuakea.gov,Department of Commerce
spaceweather.gov,Department of Commerce
standards.gov,Department of Commerce
trade.gov,Department of Commerce
reportband.gov,Department of the Interior
sierrawild.gov,Department of the Interior
nist.gov,Department of Commerce
nih.gov,Department of Health and Human Services
disability.gov,Department of Labor
fema.gov,Federal Emergency Management Agency
worker.gov,Department of Labor
mtbs.gov,Department of Agriculture
myplate.gov,Department of Agriculture
apprenticeship.gov,Department of Labor
bja.gov,Department of Justice
deaecom.gov,Department of Justice
fara.gov,Department of Justice
glnpo.gov,Environmental Protection Agency
iprcenter.gov,Department of Justice
lep.gov,Department of Justice
ncjrs.gov,Department of Justice
nafri.gov,Department of Agriculture
nicsezcheckfbi.gov,Department of Justice
disasterhousing.gov,Department of Housing and Urban Development
ovc.gov,Department of Justice
projectsafeneighborhoods.gov,Department of Justice
400yaahc.gov,General Services Administration
employer.gov,Department of Labor
va.gov,Department of Veterans Affairs
usastaffing.gov,Office of Personnel Management
reo.gov,Department of Agriculture
manufacturing.gov,Department of Commerce
mgi.gov,Department of Commerce
apprenticeships.gov,Department of Labor
sba.gov,Small Business Administration
biopreferred.gov,Department of Agriculture
bosque.gov,Department of Agriculture
nlm.gov,Department of Health and Human Services
fletc.gov,Federal Law Enforcement Training Center
homelandsecurity.gov,Department of Homeland Security
msha.gov,Department of Labor
ag.gov,Department of Agriculture
forestsandrangelands.gov,Department of Agriculture
execsec.gov,Department of Agriculture
farmers.gov,Department of Agriculture
weather.gov,Department of Commerce
benefits.gov,Department of Labor
nij.gov,Department of Justice
isotope.gov,Department of Energy
ginniemae.gov,Department of Housing and Urban Development
alzheimers.gov,Department of Health and Human Services
fedramp.gov,General Services Administration
nersc.gov,Department of Energy
fedrooms.gov,General Services Administration
firstgov.gov,General Services Administration
lanl.gov,Department of Energy
relocatefeds.gov,Environmental Protection Agency
foiaonline.gov,Environmental Protection Agency
frtr.gov,Environmental Protection Agency
nrc.gov,Nuclear Regulatory Commission
cwc.gov,Department of State
foreignassistance.gov,Department of State
iawg.gov,Department of State
pepfar.gov,Department of State
usaseanconnect.gov,Department of State
fha.gov,Department of Housing and Urban Development
homesales.gov,Department of Housing and Urban Development
pregunteleakaren.gov,Department of Agriculture
invasivespeciesinfo.gov,Department of Agriculture
itap.gov,Department of Agriculture
ntis.gov,Department of Commerce
doeal.gov,Department of Energy
eia.gov,Department of Energy
energy.gov,Department of Energy
18f.gov,General Services Administration
accessibility.gov,General Services Administration
acquisition.gov,General Services Administration
buildbackbetter.gov,Executive Office of the President
businessusa.gov,General Services Administration
buyaccessible.gov,General Services Administration
buyamerican.gov,General Services Administration
cao.gov,General Services Administration
cbca.gov,General Services Administration
cfo.gov,General Services Administration
challenge.gov,General Services Administration
cio.gov,General Services Administration
citizenscience.gov,General Services Administration
cloud.gov,General Services Administration
computersforlearning.gov,General Services Administration
consumeraction.gov,General Services Administration
cpars.gov,General Services Administration
digital.gov,General Services Administration
digitaldashboard.gov,General Services Administration
ecpic.gov,General Services Administration
esrs.gov,General Services Administration
faca.gov,General Services Administration
facadatabase.gov,General Services Administration
fai.gov,General Services Administration
fapiis.gov,General Services Administration
fbf.gov,General Services Administration
fdms.gov,General Services Administration
gsa.gov,General Services Administration
gsaadvantage.gov,General Services Administration
gsaauctions.gov,General Services Administration
gsaig.gov,General Services Administration
gsaxcess.gov,General Services Administration
identitysandbox.gov,General Services Administration
idmanagement.gov,General Services Administration
info.gov,General Services Administration
innovation.gov,General Services Administration
kids.gov,General Services Administration
login.gov,General Services Administration
nic.gov,General Services Administration
paymentaccuracy.gov,General Services Administration
performance.gov,General Services Administration
pic.gov,General Services Administration
pif.gov,General Services Administration
plainlanguage.gov,General Services Administration
presidentialinnovationfellows.gov,General Services Administration
realestatesales.gov,General Services Administration
realpropertyprofile.gov,General Services Administration
reginfo.gov,General Services Administration
regulations.gov,General Services Administration
reporting.gov,General Services Administration
rocis.gov,General Services Administration
sam.gov,General Services Administration
sbst.gov,General Services Administration
search.gov,General Services Administration
section508.gov,General Services Administration
sftool.gov,General Services Administration
usa.gov,General Services Administration
usability.gov,General Services Administration
usagov.gov,General Services Administration
vote.gov,General Services Administration
wdol.gov,General Services Administration
pbrb.gov,General Services Administration
abandonedmines.gov,Department of the Interior
anstaskforce.gov,Department of the Interior
bia.gov,Department of the Interior
blm.gov,Department of the Interior
boem.gov,Department of the Interior
btfa.gov,Department of the Interior
coralreef.gov,Department of the Interior
cupcao.gov,Department of the Interior
doioig.gov,Department of the Interior
earthquake.gov,Department of the Interior
fgdc.gov,Department of the Interior
firecode.gov,Department of the Interior
fws.gov,Department of the Interior
gcmrc.gov,Department of the Interior
indianaffairs.gov,Department of the Interior
lmvsci.gov,Department of the Interior
mitigationcommission.gov,Department of the Interior
mrlc.gov,Department of the Interior
nationalmap.gov,Department of the Interior
nfpors.gov,Department of the Interior
nifc.gov,Department of the Interior
nps.gov,U.S. National Park Service
onrr.gov,Department of the Interior
piedrasblancas.gov,Department of the Interior
safecom.gov,Department of the Interior
sciencebase.gov,Department of the Interior
usgs.gov,Department of the Interior
volcano.gov,Department of the Interior
watermonitor.gov,Department of the Interior
wlci.gov,Department of the Interior
swpa.gov,Department of Energy
hud.gov,Department of Housing and Urban Development
wapa.gov,Department of Energy
hudoig.gov,Department of Housing and Urban Development
huduser.gov,Department of Housing and Urban Development
fsrs.gov,General Services Administration
gobiernousa.gov,General Services Administration
dol.gov,Department of Labor
nationalhousing.gov,Department of Housing and Urban Development
nationalhousinglocator.gov,Department of Housing and Urban Development
nhl.gov,Department of Housing and Urban Development
nls.gov,Department of Housing and Urban Development
opportunityzones.gov,Department of Housing and Urban Development
doleta.gov,Department of Labor
organdonor.gov,Department of Health and Human Services
pandemicflu.gov,Department of Health and Human Services
phe.gov,Department of Health and Human Services
psc.gov,Department of Health and Human Services
jobcorps.gov,Department of Labor
recoverymonth.gov,Department of Health and Human Services
usap.gov,National Science Foundation
usgeo.gov,National Aeronautics and Space Administration
floodsmart.gov,Federal Emergency Management Agency
readybusiness.gov,Federal Emergency Management Agency
fnal.gov,Department of Energy
campusdrugprevention.gov,Department of Justice
nvtc.gov,Department of Justice
lbl.gov,Department of Energy
llnl.gov,Department of Energy
chcoc.gov,Office of Personnel Management
cybercareers.gov,Office of Personnel Management
feb.gov,Office of Personnel Management
fedjobs.gov,Office of Personnel Management
governmentjobs.gov,Office of Personnel Management
nbib.gov,Office of Personnel Management
opm.gov,Office of Personnel Management
unlocktalent.gov,Office of Personnel Management
sbir.gov,Small Business Administration
airnow.gov,Environmental Protection Agency
nccs.gov,Department of Energy
ncrc.gov,Department of Energy
neup.gov,Department of Energy
nrel.gov,Department of Energy
orau.gov,Department of Energy
ornl.gov,Department of Energy
nasa.gov,National Aeronautics and Space Administration
acf.gov,Department of Health and Human Services
ap.gov,Department of Commerce
cisa.gov,CISA
nist.gov,National Institute of Standards and Technology
ice.gov,U.S. Immigration and Customs Enforcement
segurosocial.gov,Social Security Administration
socialsecurity.gov,Social Security Administration
ssa.gov,Social Security Administration
alzeimers.gov,National Institutes of Health
brainhealth.gov,National Institutes of Health
cdcpartners.gov,National Institutes of Health
clinicaltrial.gov,National Institutes of Health
clinicaltrials.gov,National Institutes of Health
docline.gov,National Institutes of Health
drugabuse.gov,National Institutes of Health
edison.gov,National Institutes of Health
endingthedocumentgame.gov,National Institutes of Health
genome.gov,National Institutes of Health
hearttruth.gov,National Institutes of Health
iedison.gov,National Institutes of Health
locatorplus.gov,National Institutes of Health
medlineplus.gov,National Institutes of Health
mesh.gov,National Institutes of Health
ncifcrf.gov,National Institutes of Health
nih.gov,National Institutes of Health
nlm.gov,National Institutes of Health
nnlm.gov,National Institutes of Health
pubmed.gov,National Institutes of Health
smokefree.gov,National Institutes of Health
flightschoolcandidates.gov,Transportation Security Administration
tsa.gov,Transportation Security Administration
bls.gov,U.S. Bureau of Labor Statistics
build.gov,Executive Office of the President
childtaxcredit.gov,Executive Office of the President
crisisnextdoor.gov,Executive Office of the President
earmarks.gov,Executive Office of the President
eop.gov,Executive Office of the President
max.gov,Executive Office of the President
nepa.gov,Executive Office of the President
omb.gov,Executive Office of the President
ondcp.gov,Executive Office of the President
ostp.gov,Executive Office of the President
pci.gov,Executive Office of the President
pitc.gov,Executive Office of the President
usdigitalservice.gov,Executive Office of the President
usds.gov,Executive Office of the President
ustr.gov,Executive Office of the President
wh.gov,Executive Office of the President
whitehouse.gov,Executive Office of the President
whitehousedrugpolicy.gov,Executive Office of the President
eac.gov,U.S. Election Assistance Commission
fda.gov,Food and Drug Administration
bcfp.gov,Consumer Financial Protection Bureau
cfpa.gov,Consumer Financial Protection Bureau
cfpb.gov,Consumer Financial Protection Bureau
consumerbureau.gov,Consumer Financial Protection Bureau
consumerfinance.gov,Consumer Financial Protection Bureau
consumerfinancial.gov,Consumer Financial Protection Bureau
consumerfinancialbureau.gov,Consumer Financial Protection Bureau
consumerfinancialprotectionbureau.gov,Consumer Financial Protection Bureau
consumerprotection.gov,Consumer Financial Protection Bureau
"consumerprotectionbureau.gov,mimm.gov",Consumer Financial Protection Bureau
ustda.gov,U.S. Trade and Development Agency
sss.gov,Selective Service System
